1ms,NaN
14ms,NaN
18ms,NaN
27ms,NaN
19ms,NaN
19ms,NaN
11ms,NaN
20ms,NaN
12ms,NaN
11ms,NaN
17ms,NaN
14ms,NaN
51ms,NaN
18ms,NaN
24ms,NaN
12ms,NaN
12ms,NaN
19ms,NaN
6ms,NaN
10ms,NaN
13ms,NaN
19ms,NaN
13ms,NaN
10ms,NaN
6ms,NaN
11ms,NaN
16ms,NaN
28ms,NaN
25ms,NaN
14ms,NaN
15ms,NaN
14ms,NaN
11ms,NaN
9ms,NaN
10ms,NaN
10ms,NaN
14ms,NaN
14ms,NaN
12ms,NaN
12ms,NaN
17ms,NaN
12ms,NaN
18ms,NaN
12ms,NaN
15ms,NaN
14ms,NaN
12ms,NaN
12ms,NaN
10ms,NaN
10ms,NaN
14ms,NaN
18ms,NaN
13ms,NaN
12ms,NaN
19ms,NaN
19ms,NaN
12ms,NaN
23ms,NaN
11ms,NaN
11ms,NaN
12ms,NaN
15ms,NaN
20ms,NaN
8ms,NaN
6ms,NaN
9ms,NaN
11ms,NaN
1ms,NaN
0ms,NaN
1ms,NaN
1ms,NaN
1ms,NaN
1ms,NaN
0ms,NaN
1ms,NaN
1ms,NaN
0ms,NaN
1ms,NaN
1ms,NaN
1ms,NaN
1ms,NaN
1ms,NaN
0ms,NaN
1ms,NaN
1ms,NaN
1ms,NaN
1ms,NaN
1ms,NaN
1ms,NaN
1ms,NaN
1ms,NaN
1ms,NaN
1ms,NaN
1ms,NaN
1ms,NaN
1ms,NaN
1ms,NaN
0ms,NaN
1ms,NaN
0ms,NaN
0ms,NaN
82ms,NaN
27ms,NaN
16ms,NaN
19ms,NaN
15ms,NaN
19ms,NaN
16ms,NaN
11ms,NaN
14ms,NaN
15ms,NaN
12ms,NaN
14ms,NaN
11ms,NaN
19ms,NaN
14ms,NaN
33ms,NaN
28ms,NaN
28ms,NaN
27ms,NaN
11ms,NaN
39ms,NaN
12ms,NaN
11ms,NaN
13ms,NaN
7ms,NaN
30ms,NaN
17ms,NaN
10ms,NaN
31ms,NaN
11ms,NaN
12ms,NaN
19ms,NaN
11ms,NaN
12ms,NaN
19ms,NaN
34ms,NaN
10ms,NaN
11ms,NaN
10ms,NaN
